week,geohash7,kecamatan,kabupaten,region,kab_type,six_cities,CityType,avg_rsrp,total_call_count,total_tiles,bad_tiles_rsrp,total_payload_covmo_kB,bad_rsrp_tile_payload_covmo_kB,total_subscriber_count,bad_rsrp_tile_subscriber_count,koeff,total_payload_covmo_MB,bad_rsrp_tile_payload_covmo_MB,total_payload_covmo_normalize_MB,bad_rsrp_tile_payload_covmo_normalize_MB,thd_subs,thd_luas,luas_m2,bad_tile_abv_thd,subs_abv_thd,luas_abv_thd,bad_tiles_n_subs_abv_thd,bad_tiles_n_subs_n_luas_abv_thd,bad_grid,more_than_3_wks,cluster_member,cluster_member_reg,forming_cluster,cluster_id,red_cov,latitude_geohash7,longitude_geohash7,nearest_site_1,latitude_site_1,longitude_site_1,ant_height_site_1,nearest_site_2,latitude_site_2,longitude_site_2,ant_height_site_2,nearest_site_3,latitude_site_3,longitude_site_3,ant_height_site_3,distance_to_site_1,bearing_to_site_1,distance_to_site_2,bearing_to_site_2,distance_to_site_3,bearing_to_site_3,lowest_band_1,lowest_band_2,lowest_band_3,delta_1,azimuth_1,lac_enodeb_1,ci_1,sector_1,delta_2,azimuth_2,lac_enodeb_2,ci_2,sector_2,delta_3,azimuth_3,lac_enodeb_3,ci_3,sector_3,elev_geohash7,elev_site_1,elev_site_2,elev_site_3,total_height_site_1,total_height_site_2,total_height_site_3,max_intermediate_elev_site_1,max_intermediate_elev_site_2,max_intermediate_elev_site_3,site_higher_1,site_higher_2,site_higher_3,site_higher_than_max_intermediate_1,site_higher_than_max_intermediate_2,site_higher_than_max_intermediate_3,no_blocking_1,no_blocking_2,no_blocking_3,clutter,distance_thd_1,distance_thd_2,distance_thd_3,Distance Thd L900,index_SD_1,index_bw_1,distance_cat_1,score_1,index_SD_2,index_bw_2,distance_cat_2,score_2,index_SD_3,index_bw_3,distance_cat_3,score_3,rank_1,rank_2,rank_3,solution_1,solution_2,solution_3,best serving no,solution rank1,rank1 site,rank1 CI,Solution Priority,Priority No.,prio_site,prio_EnodeB,prio_CI,prio_sector,red_cov_category
202624,qqwx860,BANYUMANIK,KOTA SEMARANG,JATENG-DIY,A,NO,Inner,-104.672,9073,16,8,12082000,3582870,1001,525.571,0.895055,11798.8,3498.9,10560.6,3131.71,3000,8000,4645.28,1,0,0,0,0,0,0,,,,,0,-7.10747,110.402,UNR716,-7.11072,110.407,50,UNR728,-7.11795,110.403,30,SMG040,-7.10298,110.412,70,614.666,305.994,1161.04,356.846,1223.35,245.902,LTE900,LTE900,LTE900,19.0055,325,195716,32,3,36.8463,320,195728,32,3,34.0983,280,196040,32,3,0,0,0,0,0,0,0,0,0,0,,,,,,,,,,SU,1274.97,1092.39,1311.49,1311.49,2.41051,3.16759,0 to half_thd,2.63763,6,6,more than thd,6,4.66398,6,half_thd to thd,5.06479,1,3,2,not BS,not BS,not BS,1,not BS,UNR716,32,not BS,1,UNR716,195716,32,3,BAD NON POTENTIAL
202624,qqwx85p,BANYUMANIK,KOTA SEMARANG,JATENG-DIY,A,NO,Inner,-107.246,10053.1,16,13,3875000,2817740,1256.86,1035,0.895055,3784.18,2751.7,3387.05,2462.92,3000,8000,4492.12,1,0,0,0,0,0,0,,,,,0,-7.10197,110.401,SMG086,-7.09409,110.407,70,UNR716,-7.11072,110.407,50,SMG040,-7.10298,110.412,70,1100.03,217.372,1165.39,326.265,1274.5,275.018,LTE1800,LTE900,LTE900,17.3716,200,196086,31,3,1.2653,325,195716,32,3,4.9823,280,196040,32,3,0,0,0,0,0,0,0,0,0,0,,,,,,,,,,SU,1031.44,1274.97,1311.49,1311.49,6,2.89527,more than thd,5.06858,4.57025,0.210883,half_thd to thd,3.26244,4.85899,0.830383,half_thd to thd,3.65041,3,1,2,not BS,not BS,not BS,2,not BS,UNR716,32,not BS,1,SMG086,196086,31,3,BAD NON POTENTIAL
202624,qqwx84r,BANYUMANIK,KOTA SEMARANG,JATENG-DIY,A,NO,Inner,-104.59,6957.57,16,7,1811950,798430,805.286,361.286,0.895055,1769.49,779.717,1583.79,697.889,3000,8000,5686.52,1,0,0,0,0,0,0,,,,,0,-7.10609,110.401,UNR716,-7.11072,110.407,50,SMG040,-7.10298,110.412,70,UNR728,-7.11795,110.403,30,827.274,308.381,1315.67,254.707,1328.8,350.705,LTE900,LTE900,LTE900,16.6194,325,195716,32,3,25.2927,280,196040,32,3,30.7053,320,195728,32,3,0,0,0,0,0,0,0,0,0,0,,,,,,,,,,SU,1274.97,1311.49,1092.39,1311.49,3.24428,2.76989,half_thd to thd,3.10197,6,4.21545,more than thd,5.46463,6,6,more than thd,6,1,2,3,not BS,not BS,not BS,1,not BS,UNR716,32,not BS,1,UNR716,195716,32,3,BAD NON POTENTIAL
202624,qqwx86b,BANYUMANIK,KOTA SEMARANG,JATENG-DIY,A,NO,Inner,-106.624,11027.1,16,13,2842300,2054220,1391,1131.14,0.895055,2775.69,2006.08,2484.39,1795.55,3000,8000,12800.4,1,0,1,0,0,0,0,,,,,0,-7.10335,110.402,UNR716,-7.11072,110.407,50,SMG040,-7.10298,110.412,70,SMG086,-7.09409,110.407,70,955.597,328.728,1118.72,267.879,1147.86,206.716,LTE900,LTE900,LTE1800,3.72822,325,195716,32,3,12.1208,280,196040,32,3,6.71625,200,196086,31,3,0,0,0,0,0,0,0,0,0,0,,,,,,,,,,SU,1274.97,1311.49,1031.44,1311.49,3.74752,0.621371,half_thd to thd,2.80968,4.26509,2.02013,half_thd to thd,3.59161,6,1.11938,more than thd,4.53581,1,2,3,not BS,not BS,not BS,1,not BS,UNR716,32,not BS,1,UNR716,195716,32,3,BAD NON POTENTIAL
202624,qqwx9j5,BANYUMANIK,KOTA SEMARANG,JATENG-DIY,A,NO,Inner,-103.751,417.243,16,5,37064.4,7440.59,79.219,25.4571,0.895055,36.1957,7.2662,32.3971,6.50365,3000,8000,26.9052,1,0,0,0,0,0,0,,,,,0,-7.09099,110.439,SMG012,-7.08595,110.431,61,UNR047,-7.09512,110.449,69,SMG152,-7.07597,110.443,62,1039.8,122.574,1186.17,292.769,1708.3,193.446,LTE900,LTE900,LTE1800,42.5736,80,196012,12,1,72.769,220,195047,32,3,73.4457,120,196152,21,2,0,0,0,0,0,0,0,0,0,0,,,,,,,,,,SU,1274.97,1311.49,1004.54,1311.49,4.07775,6,half_thd to thd,4.65443,4.52223,6,half_thd to thd,4.96556,6,6,more than thd,6,1,2,3,not BS,not BS,not BS,1,not BS,SMG012,12,not BS,1,SMG012,196012,12,1,BAD NON POTENTIAL
202624,qqwxb27,BANYUMANIK,KOTA SEMARANG,JATENG-DIY,A,NO,Inner,-107.405,2965.29,16,11,2698380,1456550,494,340.429,0.895055,2635.14,1422.41,2358.6,1273.14,3000,8000,1238.82,1,0,0,0,0,0,0,,,,,0,-7.07314,110.406,SMG504,-7.07274,110.413,41,SMG419,-7.06688,110.411,19,SMG302,-7.08002,110.412,38,749.353,266.615,851.795,215.539,1006.76,319.323,LTE900,LTE1800,LTE1800,23.3848,290,196504,32,3,90.5388,125,196419,11,1,4.32344,315,196302,31,3,0,0,0,0,0,0,0,0,0,0,,,,,,,,,,SU,1165.42,762.418,870.027,1311.49,3.21494,3.89746,half_thd to thd,3.4197,6,6,more than thd,6,6,0.720573,more than thd,4.41617,1,3,2,not BS,not BS,not BS,1,not BS,SMG504,32,not BS,1,SMG504,196504,32,3,BAD NON POTENTIAL
202624,qqwxbvr,BANYUMANIK,KOTA SEMARANG,JATENG-DIY,A,NO,Inner,-105.316,17206.6,16,10,5095640,3860090,5953.86,2855.57,0.895055,4976.21,3769.62,4453.98,3374.02,3000,8000,8600.27,1,1,1,1,1,1,1,2,2,1,202624_307,1,-7.04567,110.434,SMG622,-7.0438,110.432,15,SMG523,-7.04861,110.429,18,SMG425,-7.0436,110.44,65,333.885,128.421,624.315,58.4409,742.026,251.886,LTE1800,LTE1800,LTE1800,41.5788,170,196622,21,2,31.5591,90,196523,11,1,88.1136,340,196425,31,3,172.319,184.021,222.616,151.201,199.021,240.616,216.201,184.021,222.616,172.319,1,1,1,1,1,1,1,1,0,SU,762.418,762.418,1031.44,1311.49,2.18965,6,0 to half_thd,3.33275,4.09431,6,half_thd to thd,4.66602,3.59704,6,half_thd to thd,4.31793,1,3,2,f. New Infra,f. New Infra,f. New Infra,1,f. New Infra,SMG622,21,f. New Infra,1,SMG622,196622,21,2,RED ENGINEERING
202624,qqwxbvs,BANYUMANIK,KOTA SEMARANG,JATENG-DIY,A,NO,Inner,-105.492,8047.71,16,8,2799420,1562840,2190.71,1026.57,0.895055,2733.81,1526.21,2446.91,1366.05,3000,8000,6669.8,1,0,0,0,0,0,0,,,,,0,-7.0443,110.43,SMG622,-7.0438,110.432,15,SMG523,-7.04861,110.429,18,SMG067,-7.03995,110.428,6,200.553,254.051,483.356,9.19753,535.894,153.854,LTE1800,LTE1800,LTE900,20.949,275,196622,31,3,80.8025,90,196523,11,1,26.1461,180,196067,22,2,0,0,0,0,0,0,0,0,0,0,,,,,,,,,,SU,762.418,762.418,909.809,1311.49,1.31525,3.4915,0 to half_thd,1.96812,3.16989,6,half_thd to thd,4.01892,2.94509,4.35769,half_thd to thd,3.36887,1,3,2,not BS,not BS,not BS,1,not BS,SMG622,31,not BS,1,SMG622,196622,31,3,BAD NON POTENTIAL
202624,qqwx8uf,BANYUMANIK,KOTA SEMARANG,JATENG-DIY,A,NO,Inner,-105.175,2772.14,16,9,307604,185022,1019.57,589.143,0.895055,300.394,180.686,268.869,161.724,3000,8000,11230.2,1,0,1,0,0,0,0,,,,,0,-7.09236,110.427,SMG554,-7.09339,110.423,18,SMG012,-7.08595,110.431,61,SMG141,-7.09571,110.418,66,476.113,76.0484,860.469,214.333,1069.67,69.6283,LTE900,LTE900,LTE1800,41.0484,35,196554,12,1,45.667,260,196012,22,2,29.6284,40,196141,11,1,0,0,0,0,0,0,0,0,0,0,,,,,,,,,,SU,946.326,1274.97,1031.44,1311.49,2.51558,6,half_thd to thd,3.56091,3.37446,6,half_thd to thd,4.16213,6,4.93806,more than thd,5.68142,1,2,3,not BS,not BS,not BS,1,not BS,SMG554,12,not BS,1,SMG554,196554,12,1,BAD NON POTENTIAL
202624,qqwx862,BANYUMANIK,KOTA SEMARANG,JATENG-DIY,A,NO,Inner,-106.376,16974.6,16,13,9820070,7873850,1134.86,925,0.895055,9589.91,7689.3,8583.5,6882.35,3000,8000,6604.14,1,0,0,0,0,0,0,,,,,0,-7.10609,110.402,UNR716,-7.11072,110.407,50,SMG040,-7.10298,110.412,70,UNR728,-7.11795,110.403,30,714.236,315.933,1169.95,252.749,1312.71,357.211,LTE900,LTE900,LTE900,9.06698,325,195716,32,3,27.2513,280,196040,32,3,37.211,320,195728,32,3,0,0,0,0,0,0,0,0,0,0,,,,,,,,,,SU,1274.97,1311.49,1092.39,1311.49,2.80099,1.51116,half_thd to thd,2.41404,4.46038,4.54189,half_thd to thd,4.48483,6,6,more than thd,6,1,2,3,not BS,not BS,not BS,1,not BS,UNR716,32,not BS,1,UNR716,195716,32,3,BAD NON POTENTIAL
202624,qqwx8gg,BANYUMANIK,KOTA SEMARANG,JATENG-DIY,A,NO,Inner,-104.732,242.619,16,9,19268,8557.9,102.286,53.5476,0.895055,18.8164,8.35732,16.8417,7.48026,3000,8000,9.31574,1,0,0,0,0,0,0,,,,,0,-7.09785,110.428,SMG554,-7.09339,110.423,18,SMG141,-7.09571,110.418,66,SMG012,-7.08595,110.431,61,787.652,128.973,1179.38,101.682,1358.69,194.218,LTE900,LTE1800,LTE900,8.97338,120,196554,22,2,61.6824,40,196141,11,1,65.7825,260,196012,22,2,0,0,0,0,0,0,0,0,0,0,,,,,,,,,,SU,946.326,1031.44,1274.97,1311.49,4.16163,1.49556,half_thd to thd,3.36181,6,6,more than thd,6,6,6,more than thd,6,1,2,3,not BS,not BS,not BS,1,not BS,SMG554,22,not BS,1,SMG554,196554,22,2,BAD NON POTENTIAL
202624,qqwx8rd,BANYUMANIK,KOTA SEMARANG,JATENG-DIY,A,NO,Inner,-106.222,3746.43,16,12,1125180,634138,675.571,515.857,0.895055,1098.81,619.275,983.494,554.285,3000,8000,709.448,1,0,0,0,0,0,0,,,,,0,-7.07726,110.405,SMG302,-7.08002,110.412,38,SMG789,-7.08511,110.408,15,SMG504,-7.07274,110.413,41,866.157,290.796,916.865,341.454,1029.16,240.799,LTE1800,LTE1800,LTE900,24.2038,315,196302,31,3,18.5462,0,196789,11,1,0.79879,240,196504,22,2,0,0,0,0,0,0,0,0,0,0,,,,,,,,,,SU,870.027,762.418,1165.42,1311.49,4.97776,4.03396,half_thd to thd,4.69462,6,3.09104,more than thd,5.12731,4.41539,0.133132,half_thd to thd,3.13071,2,3,1,not BS,not BS,not BS,3,not BS,SMG504,22,not BS,1,SMG302,196302,31,3,BAD NON POTENTIAL
202624,qqwx8v3,BANYUMANIK,KOTA SEMARANG,JATENG-DIY,A,NO,Inner,-104.485,11334.7,16,7,1515230,836399,3310.86,1783.71,0.895055,1479.71,816.796,1324.42,731.077,3000,8000,7978.55,1,1,0,1,0,0,0,,,,,0,-7.08961,110.426,SMG554,-7.09339,110.423,18,SMG012,-7.08595,110.431,61,SMG665,-7.0815,110.422,32,520.587,36.4389,756.878,237.451,977.069,156.763,LTE900,LTE900,LTE900,1.43885,35,196554,12,1,22.5493,260,196012,22,2,23.237,180,196665,22,2,0,0,0,0,0,0,0,0,0,0,,,,,,,,,,SU,946.326,1274.97,1092.39,1311.49,2.75057,0.239809,half_thd to thd,1.99734,2.96822,3.75821,half_thd to thd,3.20522,4.47216,3.87283,half_thd to thd,4.29236,1,2,3,not BS,not BS,not BS,1,not BS,SMG554,12,not BS,1,SMG554,196554,12,1,BAD NON POTENTIAL
202624,qqwx86c,BANYUMANIK,KOTA SEMARANG,JATENG-DIY,A,NO,Inner,-106.103,25480.7,16,9,7444430,5258620,2354.57,1244.29,0.895055,7269.96,5135.38,6507.01,4596.44,3000,8000,9626.66,1,0,1,0,0,0,0,,,,,0,-7.10335,110.404,UNR716,-7.11072,110.407,50,SMG040,-7.10298,110.412,70,SMG086,-7.09409,110.407,70,885.971,337.097,967.133,267.547,1087.75,199.602,LTE900,LTE900,LTE1800,12.0967,325,195716,32,3,12.4532,280,196040,32,3,0.398212,200,196086,31,3,0,0,0,0,0,0,0,0,0,0,,,,,,,,,,SU,1274.97,1311.49,1031.44,1311.49,3.47448,2.01612,half_thd to thd,3.03697,3.68716,2.07554,half_thd to thd,3.20367,6,0.0663687,more than thd,4.21991,1,2,3,not BS,not BS,not BS,1,not BS,UNR716,32,not BS,1,UNR716,195716,32,3,BAD NON POTENTIAL
202624,qqwx878,BANYUMANIK,KOTA SEMARANG,JATENG-DIY,A,NO,Inner,-105.055,7765.86,16,8,2586820,1207870,1002.14,556.571,0.895055,2526.19,1179.56,2261.08,1055.77,3000,8000,1620.72,1,0,0,0,0,0,0,,,,,0,-7.09923,110.402,SMG086,-7.09409,110.407,70,SMG040,-7.10298,110.412,70,UNR716,-7.11072,110.407,50,769.493,222.202,1192.34,290.466,1365.17,338.714,LTE1800,LTE900,LTE900,22.202,200,196086,31,3,10.4663,280,196040,32,3,13.7136,325,195716,32,3,0,0,0,0,0,0,0,0,0,0,,,,,,,,,,SU,1031.44,1311.49,1274.97,1311.49,3.73019,3.70034,half_thd to thd,3.72123,4.54576,1.74438,half_thd to thd,3.70535,6,2.2856,more than thd,4.88568,2,1,3,not BS,not BS,not BS,2,not BS,SMG040,32,not BS,1,SMG086,196086,31,3,BAD NON POTENTIAL
202624,qqwx8k0,BANYUMANIK,KOTA SEMARANG,JATENG-DIY,A,NO,Inner,-104.569,5127.14,16,7,1696990,306108,866.286,352.286,0.895055,1657.22,298.934,1483.3,267.562,3000,8000,969.054,1,0,0,0,0,0,0,,,,,0,-7.09648,110.402,SMG086,-7.09409,110.407,70,SMG040,-7.10298,110.412,70,SMG789,-7.08511,110.408,15,582.351,242.825,1328.82,302.891,1391.99,205.24,LTE1800,LTE900,LTE1800,42.8252,200,196086,31,3,22.8911,280,196040,32,3,35.24,170,196789,31,3,0,0,0,0,0,0,0,0,0,0,,,,,,,,,,SU,1031.44,1311.49,762.418,1311.49,2.823,6,half_thd to thd,3.7761,6,3.81518,more than thd,5.34455,6,6,more than thd,6,1,2,3,not BS,not BS,not BS,1,not BS,SMG086,31,not BS,1,SMG086,196086,31,3,BAD NON POTENTIAL
202624,qqwx8re,BANYUMANIK,KOTA SEMARANG,JATENG-DIY,A,NO,Inner,-104.469,5666.71,16,6,3002690,271385,937.429,368,0.895055,2932.31,265.024,2624.58,237.211,3000,8000,7061.34,1,0,0,0,0,0,0,,,,,0,-7.07726,110.406,SMG302,-7.08002,110.412,38,SMG789,-7.08511,110.408,15,SMG504,-7.07274,110.413,41,726.185,295.045,880.139,350.799,899.534,236.089,LTE1800,LTE1800,LTE900,19.9547,315,196302,31,3,9.20137,0,196789,11,1,3.91139,240,196504,22,2,0,0,0,0,0,0,0,0,0,0,,,,,,,,,,SU,870.027,762.418,1165.42,1311.49,4.17335,3.32578,half_thd to thd,3.91908,6,1.53356,more than thd,4.66007,3.85926,0.651898,half_thd to thd,2.89705,2,3,1,not BS,not BS,not BS,3,not BS,SMG504,22,not BS,1,SMG302,196302,31,3,BAD NON POTENTIAL
202624,qqwx8rf,BANYUMANIK,KOTA SEMARANG,JATENG-DIY,A,NO,Inner,-105.261,3323,16,10,745929,431293,488.286,313.857,0.895055,728.447,421.185,652,376.984,3000,8000,201.362,1,0,0,0,0,0,0,,,,,0,-7.07588,110.405,SMG302,-7.08002,110.412,38,SMG504,-7.07274,110.413,41,SMG789,-7.08511,110.408,15,930.682,299.616,964.621,248.744,1061.87,344.062,LTE1800,LTE900,LTE1800,15.3845,315,196302,31,3,8.74415,240,196504,22,2,15.9376,0,196789,11,1,0,0,0,0,0,0,0,0,0,0,,,,,,,,,,SU,870.027,1165.42,762.418,1311.49,6,2.56408,more than thd,4.96922,4.1385,1.45736,half_thd to thd,3.33416,6,2.65626,more than thd,4.99688,2,1,3,not BS,not BS,not BS,2,not BS,SMG504,22,not BS,1,SMG302,196302,31,3,BAD NON POTENTIAL
202624,qqwx8rg,BANYUMANIK,KOTA SEMARANG,JATENG-DIY,A,NO,Inner,-104.08,7345.29,16,6,5024910,1752240,1083.29,365.857,0.895055,4907.14,1711.17,4392.16,1531.6,3000,8000,1313.28,1,0,0,0,0,0,0,,,,,0,-7.07588,110.406,SMG302,-7.08002,110.412,38,SMG504,-7.07274,110.413,41,SMG789,-7.08511,110.408,15,802.05,304.968,824.916,244.926,1030.32,352.149,LTE1800,LTE900,LTE1800,10.0321,315,196302,31,3,4.92571,240,196504,22,2,7.8506,0,196789,11,1,0,0,0,0,0,0,0,0,0,0,,,,,,,,,,SU,870.027,1165.42,762.418,1311.49,4.60934,1.67202,half_thd to thd,3.72815,3.53913,0.820952,half_thd to thd,2.72368,6,1.30843,more than thd,4.59253,2,1,3,not BS,not BS,not BS,2,not BS,SMG504,22,not BS,1,SMG302,196302,31,3,BAD NON POTENTIAL
202624,qqwx8rs,BANYUMANIK,KOTA SEMARANG,JATENG-DIY,A,NO,Inner,-104.511,7550,16,6,3675070,1594120,1219,436.857,0.895055,3588.94,1556.75,3212.3,1393.38,3000,8000,10760.4,1,0,1,0,0,0,0,,,,,0,-7.07726,110.408,SMG302,-7.08002,110.412,38,SMG504,-7.07274,110.413,41,SMG789,-7.08511,110.408,15,592.029,301.262,777.941,229.859,868.724,0.659702,LTE1800,LTE900,LTE1800,13.7375,315,196302,31,3,10.1406,240,196504,22,2,0.659702,0,196789,11,1,0,0,0,0,0,0,0,0,0,0,,,,,,,,,,SU,870.027,1165.42,762.418,1311.49,3.40236,2.28959,half_thd to thd,3.06853,3.33759,1.6901,half_thd to thd,2.84334,6,0.10995,more than thd,4.23299,2,1,3,not BS,not BS,not BS,2,not BS,SMG504,22,not BS,1,SMG302,196302,31,3,BAD NON POTENTIAL
202624,qqwx8ue,BANYUMANIK,KOTA SEMARANG,JATENG-DIY,A,NO,Inner,-104.589,640.286,16,6,243005,145481,197.571,93.8571,0.895055,237.31,142.071,212.405,127.162,3000,8000,0.312822,1,0,0,0,0,0,0,,,,,0,-7.09373,110.428,SMG554,-7.09339,110.423,18,SMG012,-7.08595,110.431,61,SMG141,-7.09571,110.418,66,615.117,93.5462,924.09,201.179,1175.72,79.2291,LTE900,LTE900,LTE1800,26.4538,120,196554,22,2,58.821,260,196012,22,2,39.2291,40,196141,11,1,0,0,0,0,0,0,0,0,0,0,,,,,,,,,,SU,946.326,1274.97,1031.44,1311.49,3.25002,4.40897,half_thd to thd,3.59771,3.62396,6,half_thd to thd,4.33677,6,6,more than thd,6,1,2,3,not BS,not BS,not BS,1,not BS,SMG554,22,not BS,1,SMG554,196554,22,2,BAD NON POTENTIAL
202624,qqwx8v4,BANYUMANIK,KOTA SEMARANG,JATENG-DIY,A,NO,Inner,-103.85,4443.71,16,5,1923370,144494,2249.57,374.571,0.895055,1878.29,141.107,1681.18,126.299,3000,8000,3431.24,1,0,0,0,0,0,0,,,,,0,-7.09099,110.427,SMG554,-7.09339,110.423,18,SMG012,-7.08595,110.431,61,SMG141,-7.09571,110.418,66,533.293,59.922,740.338,220.996,1131.24,62.3603,LTE900,LTE900,LTE1800,24.922,35,196554,12,1,39.0038,260,196012,22,2,22.3603,40,196141,11,1,0,0,0,0,0,0,0,0,0,0,,,,,,,,,,SU,946.326,1274.97,1031.44,1311.49,2.8177,4.15367,half_thd to thd,3.21849,2.90335,6,half_thd to thd,3.83235,6,3.72671,more than thd,5.31801,1,2,3,not BS,not BS,not BS,1,not BS,SMG554,12,not BS,1,SMG554,196554,12,1,BAD NON POTENTIAL
202624,qqwx95b,BANYUMANIK,KOTA SEMARANG,JATENG-DIY,A,NO,Inner,-103.66,204.286,15,5,670259,662149,29.8619,9.13333,0.895055,654.55,646.63,585.858,578.769,3000,8000,16.6999,1,0,0,0,0,0,0,,,,,0,-7.09785,110.435,SMG012,-7.08595,110.431,61,SMG554,-7.09339,110.423,18,UNR047,-7.09512,110.449,69,1382.76,162.307,1458.5,109.895,1579.25,258.871,LTE900,LTE900,LTE900,82.3071,80,196012,12,1,10.1048,120,196554,22,2,38.8709,220,195047,32,3,0,0,0,0,0,0,0,0,0,0,,,,,,,,,,SU,1274.97,946.326,1311.49,1311.49,6,6,more than thd,6,6,1.68413,more than thd,4.70524,6,6,more than thd,6,2,1,3,not BS,not BS,not BS,2,not BS,SMG554,22,not BS,1,SMG012,196012,12,1,BAD NON POTENTIAL
202624,qqwx9h9,BANYUMANIK,KOTA SEMARANG,JATENG-DIY,A,NO,Inner,-104.516,332.329,16,5,51895.8,1152.12,66.3714,20.1429,0.895055,50.6795,1.12512,45.361,1.00704,3000,8000,5.66631,1,0,0,0,0,0,0,,,,,0,-7.09373,110.437,SMG012,-7.08595,110.431,61,UNR047,-7.09512,110.449,69,SMG554,-7.09339,110.423,18,1035,146.46,1406.55,276.275,1524.69,91.4306,LTE900,LTE900,LTE900,66.46,80,196012,12,1,56.2751,220,195047,32,3,28.5694,120,196554,22,2,0,0,0,0,0,0,0,0,0,0,,,,,,,,,,SU,1274.97,1311.49,946.326,1311.49,4.05893,6,half_thd to thd,4.64125,6,6,more than thd,6,6,4.76156,more than thd,5.62847,1,3,2,not BS,not BS,not BS,1,not BS,SMG012,12,not BS,1,SMG012,196012,12,1,BAD NON POTENTIAL
202624,qqwx9hu,BANYUMANIK,KOTA SEMARANG,JATENG-DIY,A,NO,Inner,-103.573,303.067,16,6,113301,89996.2,69.9809,26.3619,0.895055,110.646,87.8869,99.0341,78.6636,3000,8000,7.25024,1,0,0,0,0,0,0,,,,,0,-7.09236,110.441,UNR047,-7.09512,110.449,69,SMG012,-7.08595,110.431,61,SMG152,-7.07597,110.443,62,991.073,288.012,1250.16,124.731,1829.64,187.739,LTE900,LTE900,LTE1800,68.0116,220,195047,32,3,44.7308,80,196012,12,1,67.7394,120,196152,21,2,0,0,0,0,0,0,0,0,0,0,,,,,,,,,,SU,1311.49,1274.97,1004.54,1311.49,3.77843,6,half_thd to thd,4.4449,4.90269,6,half_thd to thd,5.23188,6,6,more than thd,6,1,2,3,not BS,not BS,not BS,1,not BS,UNR047,32,not BS,1,UNR047,195047,32,3,BAD NON POTENTIAL
202624,qqwxb2k,BANYUMANIK,KOTA SEMARANG,JATENG-DIY,A,NO,Inner,-104.761,5514.86,16,9,2666810,1233520,822.714,373.571,0.895055,2604.31,1204.61,2331,1078.19,3000,8000,7087.36,1,0,0,0,0,0,0,,,,,0,-7.07314,110.408,SMG504,-7.07274,110.413,41,SMG419,-7.06688,110.411,19,SMG302,-7.08002,110.412,38,597.962,265.757,773.097,206.399,914.718,326.517,LTE900,LTE1800,LTE1800,24.2429,290,196504,32,3,81.3989,125,196419,11,1,11.5167,315,196302,31,3,0,0,0,0,0,0,0,0,0,0,,,,,,,,,,SU,1165.42,762.418,870.027,1311.49,2.56543,4.04048,half_thd to thd,3.00795,6,6,more than thd,6,6,1.91944,more than thd,4.77583,1,3,2,not BS,not BS,not BS,1,not BS,SMG504,32,not BS,1,SMG504,196504,32,3,BAD NON POTENTIAL
202624,qqwxb3e,BANYUMANIK,KOTA SEMARANG,JATENG-DIY,A,NO,Inner,-104.624,1608.14,16,7,1147900,251554,337.857,152.857,0.895055,1121,245.658,1003.36,219.877,3000,8000,69.7795,1,0,0,0,0,0,0,,,,,0,-7.06627,110.406,SMG419,-7.06688,110.411,19,SMG142,-7.06462,110.411,36,SMG048,-7.0617,110.413,12,501.886,277.815,577.995,251.483,846.929,233.191,LTE1800,LTE1800,LTE1800,82.1854,0,196419,31,3,68.5165,320,196142,31,3,38.1909,195,196048,21,2,0,0,0,0,0,0,0,0,0,0,,,,,,,,,,SU,762.418,870.027,735.516,1311.49,3.29141,6,half_thd to thd,4.10399,3.32171,6,half_thd to thd,4.1252,6,6,more than thd,6,1,2,3,not BS,not BS,not BS,1,not BS,SMG419,31,not BS,1,SMG419,196419,31,3,BAD NON POTENTIAL
202624,qqwxb7q,BANYUMANIK,KOTA SEMARANG,JATENG-DIY,A,NO,Inner,-105.624,4422.71,16,8,3470160,1516330,545.429,219.143,0.895055,3388.82,1480.79,3033.18,1325.39,3000,8000,4575.17,1,0,0,0,0,0,0,,,,,0,-7.05666,110.411,SMG047,-7.05782,110.415,48,SMG048,-7.0617,110.413,12,SMG139,-7.05003,110.412,34,526.039,284.269,601.325,338.206,740.046,188.232,LTE900,LTE1800,LTE1800,44.2687,240,196047,22,2,18.206,320,196048,31,3,3.2317,185,196139,21,2,0,0,0,0,0,0,0,0,0,0,,,,,,,,,,SU,1165.42,735.516,870.027,1311.49,2.25686,6,0 to half_thd,3.3798,4.08778,3.03434,half_thd to thd,3.77175,4.253,0.538617,half_thd to thd,3.13869,2,3,1,not BS,not BS,not BS,3,not BS,SMG139,21,not BS,1,SMG047,196047,22,2,BAD NON POTENTIAL
202624,qqwxbb4,BANYUMANIK,KOTA SEMARANG,JATENG-DIY,A,NO,Inner,-103.942,26595,16,5,21043600,4821190,3549.57,376.429,0.895055,20550.4,4708.19,18393.7,4214.09,3000,8000,9439.26,1,1,1,1,1,1,1,2,2,1,202624_305,1,-7.07451,110.427,SMG536,-7.07072,110.424,18,SMG109,-7.07017,110.43,40,SMG296,-7.07352,110.422,47,551.927,139.541,583.287,214.38,587.668,100.748,LTE1800,LTE1800,LTE900,0.458927,140,196536,21,2,34.3803,180,196109,21,2,40.7482,60,196296,12,1,207.792,221.661,205.09,226.894,239.661,245.09,273.894,226.732,214.127,226.894,1,1,1,1,1,1,0,1,1,SU,762.418,923.831,1165.42,1311.49,3.61958,0.0764879,half_thd to thd,2.55666,3.15689,6,half_thd to thd,4.00982,2.52127,6,half_thd to thd,3.56489,1,3,2,f. New Infra,f. New Infra,d. Add Sector,1,f. New Infra,SMG536,21,d. Add Sector,3,SMG296,196296,12,1,RED ENGINEERING
202624,qqwxbv7,BANYUMANIK,KOTA SEMARANG,JATENG-DIY,A,NO,Inner,-103.786,24946.1,16,5,6339860,2049280,4945.71,1817.86,0.895055,6191.27,2001.25,5541.53,1791.23,3000,8000,6775.44,1,1,0,1,0,0,0,,,,,0,-7.04567,110.428,SMG523,-7.04861,110.429,18,SMG622,-7.0438,110.432,15,SMG004,-7.04547,110.424,92,333.493,347.267,401.859,238.887,505.663,92.493,LTE1800,LTE1800,LTE1800,102.733,90,196523,11,1,36.1132,275,196622,31,3,2.49301,90,196004,11,1,0,0,0,0,0,0,0,0,0,0,,,,,,,,,,SU,762.418,762.418,1031.44,1311.49,2.18708,6,0 to half_thd,3.33095,2.63542,6,half_thd to thd,3.6448,2.45125,0.415502,0 to half_thd,1.84052,2,3,1,not BS,not BS,not BS,3,not BS,SMG004,11,not BS,1,SMG523,196523,11,1,BAD NON POTENTIAL
202624,qqwxbvc,BANYUMANIK,KOTA SEMARANG,JATENG-DIY,A,NO,Inner,-104.017,7495.71,16,7,2173390,1085110,1278.14,510.429,0.895055,2122.45,1059.67,1899.71,948.466,3000,8000,3801.66,1,0,0,0,0,0,0,,,,,0,-7.04292,110.426,SMG004,-7.04547,110.424,92,SMG067,-7.03995,110.428,6,SMG950,-7.04819,110.423,14,346.648,35.4097,394.182,213.362,644.643,25.2668,LTE1800,LTE900,LTE1800,54.5903,90,196004,11,1,33.3624,180,196067,22,2,54.7332,80,196950,11,1,0,0,0,0,0,0,0,0,0,0,,,,,,,,,,SU,1031.44,909.809,735.516,1311.49,1.68041,6,0 to half_thd,2.97629,2.16629,6,0 to half_thd,3.3164,4.38225,6,half_thd to thd,4.86757,1,2,3,not BS,not BS,not BS,1,not BS,SMG004,11,not BS,1,SMG004,196004,11,1,BAD NON POTENTIAL
202624,qqwxbvg,BANYUMANIK,KOTA SEMARANG,JATENG-DIY,A,NO,Inner,-106.556,14162.9,16,12,3309880,2388440,2028.57,1538.43,0.895055,3232.31,2332.46,2893.09,2087.68,3000,8000,8430.28,1,0,1,0,0,0,0,,,,,0,-7.04292,110.428,SMG067,-7.03995,110.428,6,SMG622,-7.0438,110.432,15,SMG004,-7.04547,110.424,92,339.551,165.476,358.075,285.833,578.521,60.677,LTE900,LTE1800,LTE1800,14.5236,180,196067,22,2,10.8334,275,196622,31,3,29.323,90,196004,11,1,0,0,0,0,0,0,0,0,0,0,,,,,,,,,,SU,909.809,762.418,1031.44,1311.49,1.86606,2.4206,0 to half_thd,2.03242,2.34828,1.80556,0 to half_thd,2.18547,2.80443,4.88717,half_thd to thd,3.42925,1,2,3,not BS,not BS,not BS,1,not BS,SMG067,22,not BS,1,SMG067,196067,22,2,BAD NON POTENTIAL
202624,qqwxbvj,BANYUMANIK,KOTA SEMARANG,JATENG-DIY,A,NO,Inner,-103.219,10507.7,16,5,2265850,704655,3757.29,1145.57,0.895055,2212.75,688.14,1980.53,615.923,3000,8000,5678.14,1,1,0,1,0,0,0,,,,,0,-7.04704,110.431,SMG523,-7.04861,110.429,18,SMG622,-7.0438,110.432,15,SMG043,-7.05162,110.427,34,287.577,52.7565,360.879,186.513,675.349,41.3336,LTE1800,LTE1800,LTE900,37.2435,90,196523,11,1,16.5128,170,196622,21,2,118.666,160,196043,22,2,0,0,0,0,0,0,0,0,0,0,,,,,,,,,,SU,762.418,762.418,1092.39,1311.49,1.88595,6,0 to half_thd,3.12017,2.36667,2.75214,0 to half_thd,2.48231,3.09115,6,half_thd to thd,3.96381,2,1,3,not BS,not BS,not BS,2,not BS,SMG622,21,not BS,1,SMG523,196523,11,1,BAD NON POTENTIAL
202624,qqwxbvm,BANYUMANIK,KOTA SEMARANG,JATENG-DIY,A,NO,Inner,-105.932,10978.9,16,9,1795020,698462,2622.14,1558.86,0.895055,1752.95,682.092,1568.99,610.51,3000,8000,5253.53,1,0,0,0,0,0,0,,,,,0,-7.04567,110.431,SMG622,-7.0438,110.432,15,SMG523,-7.04861,110.429,18,SMG067,-7.03995,110.428,6,210.713,191.203,398.007,35.0324,742.458,148.56,LTE1800,LTE1800,LTE900,21.2034,170,196622,21,2,54.9676,90,196523,11,1,31.4399,180,196067,22,2,0,0,0,0,0,0,0,0,0,0,,,,,,,,,,SU,762.418,762.418,909.809,1311.49,1.38187,3.5339,0 to half_thd,2.02748,2.61016,6,half_thd to thd,3.62711,4.0803,6,half_thd to thd,4.65621,1,2,3,not BS,not BS,not BS,1,not BS,SMG622,21,not BS,1,SMG622,196622,21,2,BAD NON POTENTIAL
202624,qqwxbvw,BANYUMANIK,KOTA SEMARANG,JATENG-DIY,A,NO,Inner,-103.909,21633.9,16,8,12075900,5564000,2197.86,998,0.895055,11792.9,5433.6,10555.3,4863.37,3000,8000,8176.65,1,0,1,0,0,0,0,,,,,0,-7.0443,110.433,SMG622,-7.0438,110.432,15,SMG523,-7.04861,110.429,18,SMG067,-7.03995,110.428,6,123.353,116.512,610.663,38.4433,723.434,131.802,LTE1800,LTE1800,LTE900,53.4879,170,196622,21,2,51.5567,90,196523,11,1,41.8023,90,196067,112,7,0,0,0,0,0,0,0,0,0,0,,,,,,,,,,SU,762.418,762.418,909.809,1311.49,0.808961,6,0 to half_thd,2.36627,4.00478,6,half_thd to thd,4.60334,3.97574,6,half_thd to thd,4.58302,1,3,2,not BS,not BS,not BS,1,not BS,SMG622,21,not BS,1,SMG622,196622,21,2,BAD NON POTENTIAL
202624,qqwxby4,BANYUMANIK,KOTA SEMARANG,JATENG-DIY,A,NO,Inner,-106.637,12396.1,16,12,6124400,3870770,1642.29,1111.71,0.895055,5980.85,3780.04,5353.19,3383.35,3000,8000,4688.33,1,0,0,0,0,0,0,,,,,0,-7.04155,110.427,SMG067,-7.03995,110.428,6,SMG622,-7.0438,110.432,15,SMG004,-7.04547,110.424,92,188.63,200.372,555.327,296.789,559.55,38.9899,LTE900,LTE1800,LTE1800,20.3718,180,196067,22,2,21.7892,275,196622,31,3,51.0101,90,196004,11,1,0,0,0,0,0,0,0,0,0,0,,,,,,,,,,SU,909.809,762.418,1031.44,1311.49,1.03665,3.39531,0 to half_thd,1.74424,3.64188,3.63153,half_thd to thd,3.63878,2.71247,6,half_thd to thd,3.69873,1,2,3,not BS,not BS,not BS,1,not BS,SMG067,22,not BS,1,SMG067,196067,22,2,BAD NON POTENTIAL
202624,qqwx84x,BANYUMANIK,KOTA SEMARANG,JATENG-DIY,A,NO,Inner,-105.556,7561.43,16,10,1123790,646170,827.714,513.857,0.895055,1097.45,631.026,982.278,564.803,3000,8000,6592.2,1,0,0,0,0,0,0,,,,,0,-7.10472,110.401,UNR716,-7.11072,110.407,50,SMG040,-7.10298,110.412,70,SMG086,-7.09409,110.407,70,928.888,315.768,1284.26,261.3,1353.55,209.53,LTE900,LTE900,LTE1800,9.23169,325,195716,32,3,18.7,280,196040,32,3,9.53003,200,196086,31,3,0,0,0,0,0,0,0,0,0,0,,,,,,,,,,SU,1274.97,1311.49,1031.44,1311.49,3.64278,1.53862,half_thd to thd,3.01153,4.89619,3.11666,half_thd to thd,4.36233,6,1.58834,more than thd,4.6765,1,2,3,not BS,not BS,not BS,1,not BS,UNR716,32,not BS,1,UNR716,195716,32,3,BAD NON POTENTIAL
202624,qqwx84z,BANYUMANIK,KOTA SEMARANG,JATENG-DIY,A,NO,Inner,-106.68,6859.57,16,15,1565270,1471890,1051.43,1006.71,0.895055,1528.59,1437.39,1368.17,1286.54,3000,8000,836.368,1,0,0,0,0,0,0,,,,,0,-7.10335,110.401,UNR716,-7.11072,110.407,50,SMG086,-7.09409,110.407,70,SMG040,-7.10298,110.412,70,1042.79,321.614,1223.93,213.043,1270.34,268.132,LTE900,LTE1800,LTE900,3.38579,325,195716,32,3,13.0434,200,196086,31,3,11.8678,280,196040,32,3,0,0,0,0,0,0,0,0,0,0,,,,,,,,,,SU,1274.97,1031.44,1311.49,1311.49,4.08947,0.564299,half_thd to thd,3.03192,6,2.17391,more than thd,4.85217,4.84313,1.97796,half_thd to thd,3.98358,1,3,2,not BS,not BS,not BS,1,not BS,UNR716,32,not BS,1,UNR716,195716,32,3,BAD NON POTENTIAL
202624,qqwx863,BANYUMANIK,KOTA SEMARANG,JATENG-DIY,A,NO,Inner,-105.19,23993.3,16,10,33503300,22420400,1484.71,935.571,0.895055,32718,21894.9,29284.4,19597.2,3000,8000,418.922,1,0,0,0,0,0,0,,,,,0,-7.10609,110.404,UNR716,-7.11072,110.407,50,SMG040,-7.10298,110.412,70,UNR728,-7.11795,110.403,30,617.992,326.046,1025.95,250.237,1314.04,3.78911,LTE900,LTE900,LTE900,1.046,325,195716,32,3,29.7627,280,196040,32,3,43.7891,320,195728,32,3,0,0,0,0,0,0,0,0,0,0,,,,,,,,,,SU,1274.97,1311.49,1092.39,1311.49,2.42355,0.174333,0 to half_thd,1.74879,3.91141,4.96044,half_thd to thd,4.22612,6,6,more than thd,6,1,2,3,not BS,not BS,not BS,1,not BS,UNR716,32,not BS,1,UNR716,195716,32,3,BAD NON POTENTIAL
202624,qqwx868,BANYUMANIK,KOTA SEMARANG,JATENG-DIY,A,NO,Inner,-107.134,15589.6,16,13,3957970,2460950,1666.14,1413.86,0.895055,3865.21,2403.27,3459.57,2151.06,3000,8000,7988.98,1,0,0,0,0,0,0,,,,,0,-7.10472,110.402,UNR716,-7.11072,110.407,50,SMG040,-7.10298,110.412,70,SMG086,-7.09409,110.407,70,829.809,323.264,1134.5,260.141,1285.17,203.667,LTE900,LTE900,LTE1800,1.73641,325,195716,32,3,19.8585,280,196040,32,3,3.66749,200,196086,31,3,0,0,0,0,0,0,0,0,0,0,,,,,,,,,,SU,1274.97,1311.49,1031.44,1311.49,3.25423,0.289402,half_thd to thd,2.36478,4.32525,3.30976,half_thd to thd,4.0206,6,0.611248,more than thd,4.38337,1,2,3,not BS,not BS,not BS,1,not BS,UNR716,32,not BS,1,UNR716,195716,32,3,BAD NON POTENTIAL
202624,qqwx87c,BANYUMANIK,KOTA SEMARANG,JATENG-DIY,A,NO,Inner,-105.153,14544.3,16,10,4326210,1426920,1136.86,690.571,0.895055,4224.81,1393.48,3781.44,1247.24,3000,8000,963.103,1,0,0,0,0,0,0,,,,,0,-7.09785,110.404,SMG086,-7.09409,110.407,70,SMG040,-7.10298,110.412,70,UNR716,-7.11072,110.407,50,555.128,221.206,1120.02,300.542,1464.44,346.391,LTE1800,LTE900,LTE900,21.2062,200,196086,31,3,20.542,280,196040,32,3,21.3907,325,195716,32,3,0,0,0,0,0,0,0,0,0,0,,,,,,,,,,SU,1031.44,1311.49,1274.97,1311.49,2.69103,3.53436,half_thd to thd,2.94403,4.27005,3.42366,half_thd to thd,4.01614,6,3.56511,more than thd,5.26953,1,2,3,not BS,not BS,not BS,1,not BS,SMG086,31,not BS,1,SMG086,196086,31,3,BAD NON POTENTIAL
202624,qqwx8gx,BANYUMANIK,KOTA SEMARANG,JATENG-DIY,A,NO,Inner,-107.803,197.021,16,12,81275.3,50786.2,47.05,33.0786,0.895055,79.3704,49.5959,71.0408,44.3911,3000,8000,58.1342,1,0,0,0,0,0,0,,,,,0,-7.09923,110.434,SMG554,-7.09339,110.423,18,SMG012,-7.08595,110.431,61,UNR047,-7.09512,110.449,69,1380.85,118.018,1493.23,169.609,1761.35,254.942,LTE900,LTE900,LTE900,1.98233,120,196554,22,2,89.6087,80,196012,12,1,34.9423,220,195047,32,3,0,0,0,0,0,0,0,0,0,0,,,,,,,,,,SU,946.326,1274.97,1311.49,1311.49,6,0.330389,more than thd,4.29912,6,6,more than thd,6,6,6,more than thd,6,1,2,3,not BS,not BS,not BS,1,not BS,SMG554,22,not BS,1,SMG554,196554,22,2,BAD NON POTENTIAL
202624,qqwx8gy,BANYUMANIK,KOTA SEMARANG,JATENG-DIY,A,NO,Inner,-104.75,384.376,16,5,41463.5,5436.2,57.2381,16,0.895055,40.4917,5.30879,36.2423,4.75166,3000,8000,65.2339,1,0,0,0,0,0,0,,,,,0,-7.09785,110.433,SMG554,-7.09339,110.423,18,SMG012,-7.08595,110.431,61,SMG141,-7.09571,110.418,66,1177.46,114.92,1321.94,174.854,1627.78,98.4377,LTE900,LTE900,LTE1800,5.08012,120,196554,22,2,85.146,260,196012,22,2,58.4377,40,196141,11,1,0,0,0,0,0,0,0,0,0,0,,,,,,,,,,SU,946.326,1274.97,1031.44,1311.49,6,0.846686,more than thd,4.45401,6,6,more than thd,6,6,6,more than thd,6,1,2,3,not BS,not BS,not BS,1,not BS,SMG554,22,not BS,1,SMG554,196554,22,2,BAD NON POTENTIAL
202624,qqwx8r9,BANYUMANIK,KOTA SEMARANG,JATENG-DIY,A,NO,Inner,-105.754,1634,16,12,440583,423065,395.286,321.286,0.895055,430.257,413.15,385.103,369.792,3000,8000,28.6206,1,0,0,0,0,0,0,,,,,0,-7.07726,110.404,SMG789,-7.08511,110.408,15,SMG302,-7.08002,110.412,38,SMG504,-7.07274,110.413,41,976.051,333.024,1009.53,287.739,1164.14,244.44,LTE1800,LTE1800,LTE900,26.976,0,196789,11,1,27.2607,315,196302,31,3,4.4397,240,196504,22,2,0,0,0,0,0,0,0,0,0,0,,,,,,,,,,SU,762.418,870.027,1165.42,1311.49,6,4.496,more than thd,5.5488,6,4.54345,more than thd,5.56304,4.99448,0.739951,half_thd to thd,3.71812,2,3,1,not BS,not BS,not BS,3,not BS,SMG504,22,not BS,1,SMG789,196789,11,1,BAD NON POTENTIAL
202624,qqwx8rc,BANYUMANIK,KOTA SEMARANG,JATENG-DIY,A,NO,Inner,-105.592,1704.36,16,11,1444070,1369690,322.571,218.571,0.895055,1410.22,1337.58,1262.23,1197.21,3000,8000,17.7709,1,0,0,0,0,0,0,,,,,0,-7.07588,110.404,SMG302,-7.08002,110.412,38,SMG504,-7.07274,110.413,41,SMG789,-7.08511,110.408,15,1065.4,295.585,1107.49,251.589,1113.37,336.575,LTE1800,LTE900,LTE1800,19.415,315,196302,31,3,11.5889,240,196504,22,2,23.4247,0,196789,11,1,0,0,0,0,0,0,0,0,0,0,,,,,,,,,,SU,870.027,1165.42,762.418,1311.49,6,3.23584,more than thd,5.17075,4.75146,1.93148,half_thd to thd,3.90547,6,3.90412,more than thd,5.37124,2,1,3,not BS,not BS,not BS,2,not BS,SMG504,22,not BS,1,SMG302,196302,31,3,BAD NON POTENTIAL
202624,qqwx8u3,BANYUMANIK,KOTA SEMARANG,JATENG-DIY,A,NO,Inner,-105.346,1999.57,16,9,590950,487269,520.857,332.429,0.895055,577.1,475.848,516.536,425.91,3000,8000,2609.82,1,0,0,0,0,0,0,,,,,0,-7.09511,110.426,SMG554,-7.09339,110.423,18,SMG141,-7.09571,110.418,66,SMG012,-7.08595,110.431,61,363.872,121.585,854.435,85.5098,1197.64,212.086,LTE900,LTE1800,LTE900,1.58499,120,196554,22,2,45.5098,40,196141,11,1,47.9138,260,196012,22,2,0,0,0,0,0,0,0,0,0,0,,,,,,,,,,SU,946.326,1031.44,1274.97,1311.49,1.92255,0.264165,0 to half_thd,1.42504,4.14195,6,half_thd to thd,4.69936,4.69675,6,half_thd to thd,5.08772,1,2,3,not BS,not BS,not BS,1,not BS,SMG554,22,not BS,1,SMG554,196554,22,2,BAD NON POTENTIAL
202624,qqwx8ud,BANYUMANIK,KOTA SEMARANG,JATENG-DIY,A,NO,Inner,-105.682,928.714,16,9,91815.9,69365,387.857,232.286,0.895055,89.664,67.7393,80.2542,60.6303,3000,8000,34.8981,1,0,0,0,0,0,0,,,,,0,-7.09373,110.427,SMG554,-7.09339,110.423,18,SMG012,-7.08595,110.431,61,SMG141,-7.09571,110.418,66,463.785,94.7053,989.366,209.358,1027.03,77.6475,LTE900,LTE900,LTE1800,25.2947,120,196554,22,2,50.6418,260,196012,22,2,37.6475,40,196141,11,1,0,0,0,0,0,0,0,0,0,0,,,,,,,,,,SU,946.326,1274.97,1031.44,1311.49,2.45045,4.21578,0 to half_thd,2.98005,3.87995,6,half_thd to thd,4.51597,4.97864,6,half_thd to thd,5.28505,1,2,3,not BS,not BS,not BS,1,not BS,SMG554,22,not BS,1,SMG554,196554,22,2,BAD NON POTENTIAL
202624,qqwx8ug,BANYUMANIK,KOTA SEMARANG,JATENG-DIY,A,NO,Inner,-104.49,1360,16,5,311575,168656,542.286,213.429,0.895055,304.273,164.703,272.341,147.419,3000,8000,661.036,1,0,0,0,0,0,0,,,,,0,-7.09236,110.428,SMG554,-7.09339,110.423,18,SMG012,-7.08595,110.431,61,SMG141,-7.09571,110.418,66,624.464,79.4059,784.541,205.194,1213.14,72.122,LTE900,LTE900,LTE1800,40.5941,120,196554,22,2,54.8056,260,196012,22,2,32.122,40,196141,11,1,0,0,0,0,0,0,0,0,0,0,,,,,,,,,,SU,946.326,1274.97,1031.44,1311.49,3.29941,6,half_thd to thd,4.10959,3.0767,6,half_thd to thd,3.95369,6,6,more than thd,6,2,1,3,not BS,not BS,not BS,2,not BS,SMG012,22,not BS,1,SMG554,196554,22,2,BAD NON POTENTIAL
202624,qqwx8zf,BANYUMANIK,KOTA SEMARANG,JATENG-DIY,A,NO,Inner,-104.806,31421.3,16,7,23128200,5595510,4274.86,562,0.895055,22586.1,5464.37,20215.8,4890.91,3000,8000,13733.5,1,1,1,1,1,1,1,2,2,1,202624_305,1,-7.07588,110.427,SMG296,-7.07352,110.422,47,SMG536,-7.07072,110.424,18,SMG109,-7.07017,110.43,40,633.636,114.445,674.455,147.959,713.583,207.468,LTE900,LTE1800,LTE1800,54.4447,60,196296,12,1,7.95913,140,196536,21,2,27.4678,180,196109,21,2,200.207,226.894,221.661,205.09,273.894,239.661,245.09,226.894,226.732,210.817,1,1,1,1,1,1,1,0,1,SU,1165.42,762.418,923.831,1311.49,2.71848,6,half_thd to thd,3.70294,4.42313,1.32652,half_thd to thd,3.49415,3.86209,4.57796,half_thd to thd,4.07685,2,1,3,d. Add Sector,f. New Infra,a. Optimization,2,f. New Infra,SMG536,21,a. Optimization,3,SMG109,196109,21,2,RED OPTIM
202624,qqwxb2s,BANYUMANIK,KOTA SEMARANG,JATENG-DIY,A,NO,Inner,-104.865,7180.43,20,8,6140390,2578490,810.857,343.857,0.895055,5996.48,2518.06,5367.18,2253.8,3000,8000,11739.7,1,0,1,0,0,0,0,,,,,0,-7.07176,110.408,SMG504,-7.07274,110.413,41,SMG419,-7.06688,110.411,19,SMG142,-7.06462,110.411,36,606.034,280.325,640.846,212.459,883.981,206.514,LTE900,LTE1800,LTE1800,9.67527,290,196504,32,3,87.4591,125,196419,11,1,66.5137,140,196142,21,2,0,0,0,0,0,0,0,0,0,0,,,,,,,,,,SU,1165.42,762.418,870.027,1311.49,2.60006,1.61255,half_thd to thd,2.30381,4.20272,6,half_thd to thd,4.7419,6,6,more than thd,6,1,2,3,not BS,not BS,not BS,1,not BS,SMG504,32,not BS,1,SMG504,196504,32,3,BAD NON POTENTIAL
202624,qqwxb7m,BANYUMANIK,KOTA SEMARANG,JATENG-DIY,A,NO,Inner,-107.227,1593.57,16,12,699024,618292,256.286,196,0.895055,682.641,603.801,611.001,540.435,3000,8000,2289.85,1,0,0,0,0,0,0,,,,,0,-7.05666,110.409,SMG048,-7.0617,110.413,12,SMG047,-7.05782,110.415,48,SMG139,-7.05003,110.412,34,672.863,326.176,674.166,281.09,776.563,199.315,LTE1800,LTE900,LTE1800,6.17615,320,196048,31,3,41.0895,240,196047,22,2,14.3147,185,196139,21,2,0,0,0,0,0,0,0,0,0,0,,,,,,,,,,SU,735.516,1165.42,870.027,1311.49,4.57409,1.02936,half_thd to thd,3.51067,2.89237,6,half_thd to thd,3.82466,4.46287,2.38578,half_thd to thd,3.83974,1,2,3,not BS,not BS,not BS,1,not BS,SMG048,31,not BS,1,SMG048,196048,31,3,BAD NON POTENTIAL
202624,qqwxb7t,BANYUMANIK,KOTA SEMARANG,JATENG-DIY,A,NO,Inner,-105.822,2187,16,11,838374,519893,325.143,229.429,0.895055,818.725,507.708,732.804,454.427,3000,8000,2439.95,1,0,0,0,0,0,0,,,,,0,-7.05528,110.409,SMG139,-7.05003,110.412,34,SMG047,-7.05782,110.415,48,SMG048,-7.0617,110.413,12,635.354,203.854,718.822,293.124,803.275,332.226,LTE1800,LTE900,LTE1800,18.8544,185,196139,21,2,53.124,240,196047,22,2,12.226,320,196048,31,3,0,0,0,0,0,0,0,0,0,0,,,,,,,,,,SU,870.027,1165.42,735.516,1311.49,3.65135,3.1424,half_thd to thd,3.49866,3.08396,6,half_thd to thd,3.95877,6,2.03767,more than thd,4.8113,1,2,3,not BS,not BS,not BS,1,not BS,SMG139,21,not BS,1,SMG139,196139,21,2,BAD NON POTENTIAL
202624,qqwxbk7,BANYUMANIK,KOTA SEMARANG,JATENG-DIY,A,NO,Inner,-104.649,966.286,16,6,536414,165181,209.429,79.7143,0.895055,523.842,161.309,468.867,144.381,3000,8000,76.0002,1,0,0,0,0,0,0,,,,,0,-7.05116,110.406,SMG139,-7.05003,110.412,34,SMG748,-7.05405,110.401,59,SMG664,-7.04231,110.406,42,575.524,257.393,721.329,63.6051,978.921,179.956,LTE1800,LTE1800,LTE900,62.6073,320,196139,31,3,63.6051,0,196748,11,1,19.956,160,196664,12,1,0,0,0,0,0,0,0,0,0,0,,,,,,,,,,SU,870.027,1004.54,1165.42,1311.49,3.30751,6,half_thd to thd,4.11526,3.59035,6,half_thd to thd,4.31325,4.19986,3.326,half_thd to thd,3.9377,2,3,1,not BS,not BS,not BS,3,not BS,SMG664,12,not BS,1,SMG139,196139,31,3,BAD NON POTENTIAL
202624,qqwxbvk,BANYUMANIK,KOTA SEMARANG,JATENG-DIY,A,NO,Inner,-106.529,15284.7,16,12,3005710,2501870,3350.57,2532.14,0.895055,2935.26,2443.23,2627.22,2186.83,3000,8000,7175.42,1,1,0,1,0,0,0,,,,,0,-7.04567,110.43,SMG622,-7.0438,110.432,15,SMG523,-7.04861,110.429,18,SMG004,-7.04547,110.424,92,282.708,222.845,334.354,13.3625,657.281,91.9178,LTE1800,LTE1800,LTE1800,52.1552,275,196622,31,3,76.6375,90,196523,11,1,1.91785,90,196004,11,1,0,0,0,0,0,0,0,0,0,0,,,,,,,,,,SU,762.418,762.418,1031.44,1311.49,1.85402,6,0 to half_thd,3.09782,2.19272,6,0 to half_thd,3.33491,3.18623,0.319642,half_thd to thd,2.32625,2,3,1,not BS,not BS,not BS,3,not BS,SMG004,11,not BS,1,SMG622,196622,31,3,BAD NON POTENTIAL
202624,qqwxbvn,BANYUMANIK,KOTA SEMARANG,JATENG-DIY,A,NO,Inner,-104.968,13784.4,16,6,4880990,3005350,3551.14,1295.14,0.895055,4766.59,2934.91,4266.36,2626.91,3000,8000,8424.8,1,1,1,1,1,1,1,2,2,1,202624_307,1,-7.04704,110.433,SMG622,-7.0438,110.432,15,SMG523,-7.04861,110.429,18,SMG653,-7.05371,110.432,28,375.169,162.973,418.759,65.4087,738.279,3.63433,LTE1800,LTE1800,LTE900,7.02726,170,196622,21,2,24.5913,90,196523,11,1,148.634,215,196653,22,2,194.98,184.021,222.616,204.136,199.021,240.616,232.136,194.98,222.616,204.136,0,1,1,0,1,1,0,1,1,SU,762.418,762.418,1019.36,1311.49,2.46039,1.17121,0 to half_thd,2.07364,2.74626,4.09854,half_thd to thd,3.15194,3.62129,6,half_thd to thd,4.3349,1,2,3,f. New Infra,a. Optimization,d. Add Sector,1,f. New Infra,SMG622,21,a. Optimization,2,SMG523,196523,11,1,RED OPTIM
202624,qqwxbvq,BANYUMANIK,KOTA SEMARANG,JATENG-DIY,A,NO,Inner,-106.971,19808.1,16,13,7028390,6059020,3141.29,2398.86,0.895055,6863.66,5917.02,6143.35,5296.05,3000,8000,6723.11,1,1,0,1,0,0,0,,,,,0,-7.04567,110.433,SMG622,-7.0438,110.432,15,SMG523,-7.04861,110.429,18,SMG067,-7.03995,110.428,6,234.347,152.017,501.068,49.3476,832.077,139.644,LTE1800,LTE1800,LTE900,17.9831,170,196622,21,2,40.6524,90,196523,11,1,40.3556,180,196067,22,2,0,0,0,0,0,0,0,0,0,0,,,,,,,,,,SU,762.418,762.418,909.809,1311.49,1.53686,2.99718,0 to half_thd,1.97496,3.28604,6,half_thd to thd,4.10023,4.57281,6,half_thd to thd,5.00097,1,2,3,not BS,not BS,not BS,1,not BS,SMG622,21,not BS,1,SMG622,196622,21,2,BAD NON POTENTIAL
202624,qqwxbwe,BANYUMANIK,KOTA SEMARANG,JATENG-DIY,A,NO,Inner,-105.233,7019.71,16,9,5293300,3555350,1145.71,635,0.895055,5169.24,3472.02,4626.75,3107.65,3000,8000,6888.38,1,0,0,0,0,0,0,,,,,0,-7.0388,110.417,SMG180,-7.03864,110.421,11,SMG244,-7.03422,110.416,30,SMG505,-7.03198,110.421,18,436.332,267.615,541.298,159.606,856.403,208.067,LTE1800,LTE1800,LTE1800,72.3852,340,196180,31,3,9.60637,150,196244,21,2,28.0673,180,196505,21,2,0,0,0,0,0,0,0,0,0,0,,,,,,,,,,SU,735.516,870.027,762.418,1311.49,2.96616,6,half_thd to thd,3.87631,3.11081,1.60106,half_thd to thd,2.65789,6,4.67788,more than thd,5.60336,2,1,3,not BS,not BS,not BS,2,not BS,SMG244,21,not BS,1,SMG180,196180,31,3,BAD NON POTENTIAL
202624,qqwxby5,BANYUMANIK,KOTA SEMARANG,JATENG-DIY,A,NO,Inner,-103.869,10543.1,16,6,1272860,278133,1780.14,648.286,0.895055,1243.03,271.614,1112.58,243.11,3000,8000,7693.8,1,0,0,0,0,0,0,,,,,0,-7.04155,110.428,SMG067,-7.03995,110.428,6,SMG622,-7.0438,110.432,15,SMG004,-7.04547,110.424,92,196.368,154.278,425.18,306.024,665.867,49.1625,LTE900,LTE1800,LTE1800,25.7216,180,196067,22,2,31.0237,275,196622,31,3,40.8375,90,196004,11,1,0,0,0,0,0,0,0,0,0,0,,,,,,,,,,SU,909.809,762.418,1031.44,1311.49,1.07917,4.28693,0 to half_thd,2.0415,2.78836,6,half_thd to thd,3.75186,3.22785,6,half_thd to thd,4.0595,1,2,3,not BS,not BS,not BS,1,not BS,SMG067,22,not BS,1,SMG067,196067,22,2,BAD NON POTENTIAL
202624,qqwx84y,BANYUMANIK,KOTA SEMARANG,JATENG-DIY,A,NO,Inner,-106.177,4022.86,16,13,1094150,997832,611.571,508.286,0.895055,1068.51,974.445,956.372,872.182,3000,8000,1157.87,1,0,0,0,0,0,0,,,,,0,-7.10335,110.4,UNR716,-7.11072,110.407,50,SMG086,-7.09409,110.407,70,SMG097,-7.10284,110.387,70,1143.54,315.665,1313.19,218.578,1364.4,92.3612,LTE900,LTE1800,LTE900,9.33462,325,195716,32,3,18.5783,200,196086,31,3,27.6388,120,196097,12,1,0,0,0,0,0,0,0,0,0,0,,,,,,,,,,SU,1274.97,1031.44,1311.49,1311.49,4.48459,1.55577,half_thd to thd,3.60595,6,3.09638,more than thd,5.12891,6,4.60646,more than thd,5.58194,1,2,3,not BS,not BS,not BS,1,not BS,UNR716,32,not BS,1,UNR716,195716,32,3,BAD NON POTENTIAL
202624,qqwx85r,BANYUMANIK,KOTA SEMARANG,JATENG-DIY,A,NO,Inner,-106.052,7178.71,16,14,1191730,1047050,1222.14,1121.14,0.895055,1163.8,1022.51,1041.66,915.206,3000,8000,17.8271,1,0,0,0,0,0,0,,,,,0,-7.1006,110.401,SMG086,-7.09409,110.407,70,UNR716,-7.11072,110.407,50,SMG040,-7.10298,110.412,70,983.989,222.764,1294.21,330.008,1296.56,281.761,LTE1800,LTE900,LTE900,22.7639,200,196086,31,3,5.00803,325,195716,32,3,1.76148,280,196040,32,3,0,0,0,0,0,0,0,0,0,0,,,,,,,,,,SU,1031.44,1274.97,1311.49,1311.49,4.76998,3.79398,half_thd to thd,4.47718,6,0.834672,more than thd,4.4504,4.94308,0.293579,half_thd to thd,3.54823,3,2,1,not BS,not BS,not BS,3,not BS,SMG040,32,not BS,1,SMG086,196086,31,3,BAD NON POTENTIAL
202624,qqwx869,BANYUMANIK,KOTA SEMARANG,JATENG-DIY,A,NO,Inner,-105.848,24369.3,16,13,11034400,8266970,1790.86,1465,0.895055,10775.8,8073.21,9644.93,7225.97,3000,8000,7016.73,1,0,0,0,0,0,0,,,,,0,-7.10472,110.404,UNR716,-7.11072,110.407,50,SMG040,-7.10298,110.412,70,SMG086,-7.09409,110.407,70,748.575,332.562,985.342,258.631,1231.78,197.23,LTE900,LTE900,LTE1800,7.56169,325,195716,32,3,21.3685,280,196040,32,3,2.77028,200,196086,31,3,0,0,0,0,0,0,0,0,0,0,,,,,,,,,,SU,1274.97,1311.49,1031.44,1311.49,2.93565,1.26028,half_thd to thd,2.43304,3.75658,3.56142,half_thd to thd,3.69803,6,0.461714,more than thd,4.33851,1,2,3,not BS,not BS,not BS,1,not BS,UNR716,32,not BS,1,UNR716,195716,32,3,BAD NON POTENTIAL
202624,qqwx86d,BANYUMANIK,KOTA SEMARANG,JATENG-DIY,A,NO,Inner,-105.128,14998.6,16,8,6875170,3382080,1637,822,0.895055,6714.04,3302.81,6009.43,2956.2,3000,8000,5171.68,1,0,0,0,0,0,0,,,,,0,-7.10472,110.405,UNR716,-7.11072,110.407,50,SMG040,-7.10298,110.412,70,SMG086,-7.09409,110.407,70,691.502,343.72,837.099,256.585,1195.37,190.312,LTE900,LTE900,LTE1800,18.7204,325,195716,32,3,23.4149,280,196040,32,3,9.688,200,196086,31,3,0,0,0,0,0,0,0,0,0,0,,,,,,,,,,SU,1274.97,1311.49,1031.44,1311.49,2.71183,3.12007,half_thd to thd,2.8343,3.19141,3.90249,half_thd to thd,3.40473,6,1.61467,more than thd,4.6844,1,2,3,not BS,not BS,not BS,1,not BS,UNR716,32,not BS,1,UNR716,195716,32,3,BAD NON POTENTIAL
202624,qqwx870,BANYUMANIK,KOTA SEMARANG,JATENG-DIY,A,NO,Inner,-106.184,14673,16,15,4387190,4322240,1700,1605.86,0.895055,4284.36,4220.94,3834.74,3777.97,3000,8000,11446.4,1,0,1,0,0,0,0,,,,,0,-7.10197,110.402,SMG086,-7.09409,110.407,70,UNR716,-7.11072,110.407,50,SMG040,-7.10298,110.412,70,1014.71,210.581,1088.06,332.889,1123.44,275.695,LTE1800,LTE900,LTE900,10.5813,200,196086,31,3,7.88902,325,195716,32,3,4.30542,280,196040,32,3,0,0,0,0,0,0,0,0,0,0,,,,,,,,,,SU,1031.44,1274.97,1311.49,1311.49,4.91889,1.76354,half_thd to thd,3.97228,4.26701,1.31484,half_thd to thd,3.38135,4.28308,0.71757,half_thd to thd,3.21343,3,2,1,not BS,not BS,not BS,3,not BS,SMG040,32,not BS,1,SMG086,196086,31,3,BAD NON POTENTIAL
202624,qqwx871,BANYUMANIK,KOTA SEMARANG,JATENG-DIY,A,NO,Inner,-106.274,20362,16,12,9303690,6943550,2191,1531.57,0.895055,9085.63,6780.81,8132.14,6069.2,3000,8000,4964.97,1,0,0,0,0,0,0,,,,,0,-7.10197,110.404,SMG086,-7.09409,110.407,70,SMG040,-7.10298,110.412,70,UNR716,-7.11072,110.407,50,946.17,202.692,972.587,276.582,1027.45,340.397,LTE1800,LTE900,LTE900,2.69175,200,196086,31,3,3.41848,280,196040,32,3,15.397,325,195716,32,3,0,0,0,0,0,0,0,0,0,0,,,,,,,,,,SU,1031.44,1311.49,1274.97,1311.49,4.58665,0.448626,half_thd to thd,3.34524,3.70796,0.569746,half_thd to thd,2.76649,4.02932,2.56616,half_thd to thd,3.59037,2,1,3,not BS,not BS,not BS,2,not BS,SMG040,32,not BS,1,SMG086,196086,31,3,BAD NON POTENTIAL
202624,qqwx872,BANYUMANIK,KOTA SEMARANG,JATENG-DIY,A,NO,Inner,-106.825,11428.3,16,14,3862980,3374850,1524,1378.57,0.895055,3772.44,3295.76,3376.54,2949.88,3000,8000,5422.4,1,0,0,0,0,0,0,,,,,0,-7.1006,110.402,SMG086,-7.09409,110.407,70,SMG040,-7.10298,110.412,70,UNR716,-7.11072,110.407,50,887.586,215.587,1148.4,283.304,1225.04,336.131,LTE1800,LTE900,LTE900,15.5867,200,196086,31,3,3.30415,280,196040,32,3,11.1313,325,195716,32,3,0,0,0,0,0,0,0,0,0,0,,,,,,,,,,SU,1031.44,1311.49,1274.97,1311.49,4.30266,2.59779,half_thd to thd,3.7912,4.37826,0.550692,half_thd to thd,3.22999,4.80419,1.85521,half_thd to thd,3.91949,2,1,3,not BS,not BS,not BS,2,not BS,SMG040,32,not BS,1,SMG086,196086,31,3,BAD NON POTENTIAL
202624,qqwx873,BANYUMANIK,KOTA SEMARANG,JATENG-DIY,A,NO,Inner,-104.882,13560.6,16,5,6290480,1891370,1644,614,0.895055,6143.05,1847.05,5498.36,1653.21,3000,8000,5130.03,1,0,0,0,0,0,0,,,,,0,-7.1006,110.404,SMG086,-7.09409,110.407,70,SMG040,-7.10298,110.412,70,UNR716,-7.11072,110.407,50,808.342,206.854,1001.32,285.301,1171.54,342.891,LTE1800,LTE900,LTE900,6.85394,200,196086,31,3,5.30146,280,196040,32,3,17.8911,325,195716,32,3,0,0,0,0,0,0,0,0,0,0,,,,,,,,,,SU,1031.44,1311.49,1274.97,1311.49,3.91851,1.14232,half_thd to thd,3.08565,3.81749,0.883576,half_thd to thd,2.93732,4.59437,2.98185,half_thd to thd,4.11062,2,1,3,not BS,not BS,not BS,2,not BS,SMG040,32,not BS,1,SMG086,196086,31,3,BAD NON POTENTIAL
202624,qqwx8gz,BANYUMANIK,KOTA SEMARANG,JATENG-DIY,A,NO,Inner,-104.232,175.369,15,6,29642.9,25292.5,34.931,14,0.895055,28.9482,24.6997,25.9102,22.1076,3000,8000,25.451,1,0,0,0,0,0,0,,,,,0,-7.09785,110.434,SMG554,-7.09339,110.423,18,SMG012,-7.08595,110.431,61,UNR047,-7.09512,110.449,69,1316.74,112.14,1344.16,168.441,1728.39,259.841,LTE900,LTE900,LTE900,7.85999,120,196554,22,2,88.4407,80,196012,12,1,39.8414,220,195047,32,3,0,0,0,0,0,0,0,0,0,0,,,,,,,,,,SU,946.326,1274.97,1311.49,1311.49,6,1.31,more than thd,4.593,6,6,more than thd,6,6,6,more than thd,6,1,2,3,not BS,not BS,not BS,1,not BS,SMG554,22,not BS,1,SMG554,196554,22,2,BAD NON POTENTIAL
202624,qqwx8r6,BANYUMANIK,KOTA SEMARANG,JATENG-DIY,A,NO,Inner,-104.79,1818.43,16,6,207149,67713,444.857,164.714,0.895055,202.294,66.1259,181.064,59.1863,3000,8000,359.752,1,0,0,0,0,0,0,,,,,0,-7.07863,110.405,SMG789,-7.08511,110.408,15,SMG302,-7.08002,110.412,38,SMG504,-7.07274,110.413,41,774.501,337.875,824.875,280.821,1110.84,233.915,LTE1800,LTE1800,LTE900,22.1255,0,196789,11,1,34.1791,315,196302,31,3,6.08541,240,196504,22,2,0,0,0,0,0,0,0,0,0,0,,,,,,,,,,SU,762.418,870.027,1165.42,1311.49,6,3.68758,more than thd,5.30627,4.74051,6,half_thd to thd,5.11836,4.76584,1.01423,half_thd to thd,3.64036,3,2,1,not BS,not BS,not BS,3,not BS,SMG504,22,not BS,1,SMG789,196789,11,1,BAD NON POTENTIAL
202624,qqwx8r7,BANYUMANIK,KOTA SEMARANG,JATENG-DIY,A,NO,Inner,-104.172,3627.71,16,6,933315,197812,605.714,241.286,0.895055,911.441,193.176,815.79,172.903,3000,8000,10460.1,1,0,1,0,0,0,0,,,,,0,-7.07863,110.406,SMG302,-7.08002,110.412,38,SMG789,-7.08511,110.408,15,SMG504,-7.07274,110.413,41,676.414,283.234,730.654,348.893,991.952,228.761,LTE1800,LTE1800,LTE900,31.7663,315,196302,31,3,11.1065,0,196789,11,1,11.2389,240,196504,22,2,0,0,0,0,0,0,0,0,0,0,,,,,,,,,,SU,870.027,762.418,1165.42,1311.49,3.88732,6,half_thd to thd,4.52112,4.79169,1.85109,half_thd to thd,3.90951,4.25576,1.87316,half_thd to thd,3.54098,3,2,1,not BS,not BS,not BS,3,not BS,SMG504,22,not BS,1,SMG302,196302,31,3,BAD NON POTENTIAL
202624,qqwx8up,BANYUMANIK,KOTA SEMARANG,JATENG-DIY,A,NO,Inner,-105.131,250.931,15,9,84535.1,5806.79,39.3929,24.2262,0.895055,82.5539,5.67069,73.8902,5.07558,3000,8000,4.81593,1,0,0,0,0,0,0,,,,,0,-7.09648,110.434,SMG012,-7.08595,110.431,61,SMG554,-7.09339,110.423,18,UNR047,-7.09512,110.449,69,1195.8,166.982,1267.67,105.729,1708.33,264.895,LTE900,LTE900,LTE900,86.9818,80,196012,12,1,14.2707,120,196554,22,2,44.8948,220,195047,32,3,0,0,0,0,0,0,0,0,0,0,,,,,,,,,,SU,1274.97,946.326,1311.49,1311.49,4.68952,6,half_thd to thd,5.08266,6,2.37845,more than thd,4.91354,6,6,more than thd,6,2,1,3,not BS,not BS,not BS,2,not BS,SMG554,22,not BS,1,SMG012,196012,12,1,BAD NON POTENTIAL
202624,qqwx8zd,BANYUMANIK,KOTA SEMARANG,JATENG-DIY,A,NO,Inner,-104.483,28342.4,16,6,12977000,5977350,1514.57,687.286,0.895055,12672.8,5837.26,11342.9,5224.67,3000,8000,5616.7,1,0,0,0,0,0,0,,,,,0,-7.07726,110.427,SMG296,-7.07352,110.422,47,SMG665,-7.0815,110.422,32,SMG536,-7.07072,110.424,18,709.766,125.727,715.406,48.7449,807.024,153.697,LTE900,LTE900,LTE1800,64.2726,190,196296,22,2,18.7449,30,196665,12,1,13.6966,140,196536,21,2,0,0,0,0,0,0,0,0,0,0,,,,,,,,,,SU,1165.42,1092.39,762.418,1311.49,3.0451,6,half_thd to thd,3.93157,3.2745,3.12415,half_thd to thd,3.22939,6,2.28277,more than thd,4.88483,2,1,3,not BS,not BS,not BS,2,not BS,SMG665,12,not BS,1,SMG296,196296,22,2,BAD NON POTENTIAL
202624,qqwx9h1,BANYUMANIK,KOTA SEMARANG,JATENG-DIY,A,NO,Inner,-105.581,261.795,16,7,13388.9,5134.69,40.9476,15.4762,0.895055,13.0751,5.01434,11.7029,4.48811,3000,8000,22.4249,1,0,0,0,0,0,0,,,,,0,-7.09648,110.437,SMG012,-7.08595,110.431,61,UNR047,-7.09512,110.449,69,SMG554,-7.09339,110.423,18,1298.65,153.895,1406.35,263.795,1562.02,102.712,LTE900,LTE900,LTE900,73.8949,80,196012,12,1,43.7952,220,195047,32,3,17.288,120,196554,22,2,0,0,0,0,0,0,0,0,0,0,,,,,,,,,,SU,1274.97,1311.49,946.326,1311.49,6,6,more than thd,6,6,6,more than thd,6,6,2.88134,more than thd,5.0644,2,3,1,not BS,not BS,not BS,3,not BS,SMG554,22,not BS,1,SMG012,196012,12,1,BAD NON POTENTIAL
202624,qqwxb2e,BANYUMANIK,KOTA SEMARANG,JATENG-DIY,A,NO,Inner,-107.184,1978.43,20,13,311254,181472,460.571,315.857,0.895055,303.959,177.219,272.06,158.621,3000,8000,3811.79,1,0,0,0,0,0,0,,,,,0,-7.07176,110.406,SMG419,-7.06688,110.411,19,SMG504,-7.07274,110.413,41,SMG142,-7.06462,110.411,36,733.866,222.469,755.81,278.263,961.676,214.593,LTE1800,LTE900,LTE1800,97.4688,125,196419,11,1,11.7369,290,196504,32,3,74.5929,140,196142,21,2,0,0,0,0,0,0,0,0,0,0,,,,,,,,,,SU,762.418,1165.42,870.027,1311.49,4.81275,6,half_thd to thd,5.16893,3.24265,1.95616,half_thd to thd,2.8567,6,6,more than thd,6,2,1,3,not BS,not BS,not BS,2,not BS,SMG504,32,not BS,1,SMG419,196419,11,1,BAD NON POTENTIAL
202624,qqwxb67,BANYUMANIK,KOTA SEMARANG,JATENG-DIY,A,NO,Inner,-105.156,6093.86,16,7,9111640,5878180,513.714,244.143,0.895055,8898.09,5740.41,7964.28,5137.98,3000,8000,1182.88,1,0,0,0,0,0,0,,,,,0,-7.06215,110.406,SMG142,-7.06462,110.411,36,SMG048,-7.0617,110.413,12,SMG419,-7.06688,110.411,19,612.7,296.627,681.505,265.793,721.987,316.656,LTE1800,LTE1800,LTE1800,23.3728,320,196142,31,3,54.2068,320,196048,31,3,43.3443,0,196419,31,3,0,0,0,0,0,0,0,0,0,0,,,,,,,,,,SU,870.027,735.516,762.418,1311.49,3.52115,3.89547,half_thd to thd,3.63345,4.63284,6,half_thd to thd,5.04299,4.73485,6,half_thd to thd,5.1144,1,2,3,not BS,not BS,not BS,1,not BS,SMG142,31,not BS,1,SMG142,196142,31,3,BAD NON POTENTIAL
202624,qqwxb7j,BANYUMANIK,KOTA SEMARANG,JATENG-DIY,A,NO,Inner,-104.653,2239,16,7,713744,285073,451,195.714,0.895055,697.015,278.392,623.867,249.176,3000,8000,3324.28,1,0,0,0,0,0,0,,,,,0,-7.05803,110.409,SMG048,-7.0617,110.413,12,SMG047,-7.05782,110.415,48,SMG142,-7.06462,110.411,36,553.506,317.364,662.137,267.994,768.855,341.533,LTE1800,LTE900,LTE1800,2.63617,320,196048,31,3,27.9939,240,196047,22,2,21.5325,320,196142,31,3,0,0,0,0,0,0,0,0,0,0,,,,,,,,,,SU,735.516,1165.42,870.027,1311.49,3.76271,0.439361,half_thd to thd,2.7657,2.84076,4.66564,half_thd to thd,3.38823,4.41857,3.58875,half_thd to thd,4.16963,1,2,3,not BS,not BS,not BS,1,not BS,SMG048,31,not BS,1,SMG048,196048,31,3,BAD NON POTENTIAL
202624,qqwxb7w,BANYUMANIK,KOTA SEMARANG,JATENG-DIY,A,NO,Inner,-105.325,9422.43,16,6,14261100,2801040,577.857,166.857,0.895055,13926.8,2735.39,12465.3,2448.33,3000,8000,6453.02,1,0,0,0,0,0,0,,,,,0,-7.05528,110.411,SMG047,-7.05782,110.415,48,SMG139,-7.05003,110.412,34,SMG048,-7.0617,110.413,12,582.17,298.99,590.163,190.344,744.378,342.553,LTE900,LTE1800,LTE1800,51.0104,350,196047,32,3,5.34374,185,196139,21,2,17.4471,0,196048,11,1,0,0,0,0,0,0,0,0,0,0,,,,,,,,,,SU,1165.42,870.027,735.516,1311.49,2.49768,6,0 to half_thd,3.54838,3.39164,0.890624,half_thd to thd,2.64133,6,2.90786,more than thd,5.07236,2,1,3,not BS,not BS,not BS,2,not BS,SMG139,21,not BS,1,SMG047,196047,32,3,BAD NON POTENTIAL
202624,qqwxbuy,BANYUMANIK,KOTA SEMARANG,JATENG-DIY,A,NO,Inner,-103.591,18802.4,16,5,8326530,3523350,6102.43,1790.14,0.895055,8131.38,3440.77,7278.03,3079.68,3000,8000,11230.2,1,1,1,1,1,1,0,,,,,0,-7.04842,110.433,SMG523,-7.04861,110.429,18,SMG622,-7.0438,110.432,15,SMG653,-7.05371,110.432,28,381.813,86.7599,522.223,167.859,586.795,4.5744,LTE1800,LTE1800,LTE900,3.24006,90,196523,11,1,2.14054,170,196622,21,2,149.574,215,196653,22,2,0,0,0,0,0,0,0,0,0,0,,,,,,,,,,SU,762.418,762.418,1019.36,1311.49,2.50396,0.540009,half_thd to thd,1.91478,3.42478,0.356756,half_thd to thd,2.50437,2.87826,6,half_thd to thd,3.81478,1,2,3,not BS,not BS,not BS,1,not BS,SMG523,11,not BS,1,SMG523,196523,11,1,BAD NON POTENTIAL
202624,qqwxbvf,BANYUMANIK,KOTA SEMARANG,JATENG-DIY,A,NO,Inner,-106.821,11691.4,16,14,3521200,3216020,1509.14,1373.43,0.895055,3438.67,3140.65,3077.8,2811.05,3000,8000,7655.81,1,0,0,0,0,0,0,,,,,0,-7.04292,110.427,SMG067,-7.03995,110.428,6,SMG004,-7.04547,110.424,92,SMG622,-7.0438,110.432,15,335.135,191.293,452.111,51.2418,505.794,281.14,LTE900,LTE1800,LTE1800,11.2929,180,196067,22,2,38.7582,90,196004,11,1,6.13966,275,196622,31,3,0,0,0,0,0,0,0,0,0,0,,,,,,,,,,SU,909.809,1031.44,762.418,1311.49,1.84179,1.88215,0 to half_thd,1.8539,2.19165,6,0 to half_thd,3.33415,3.31704,1.02328,half_thd to thd,2.62891,1,3,2,not BS,not BS,not BS,1,not BS,SMG067,22,not BS,1,SMG067,196067,22,2,BAD NON POTENTIAL
202624,qqwxbvt,BANYUMANIK,KOTA SEMARANG,JATENG-DIY,A,NO,Inner,-101.609,38606.9,16,5,37000300,557311,3657.57,745.714,0.895055,36133.1,544.249,32341.1,487.133,3000,8000,5375.99,1,1,0,1,0,0,0,,,,,0,-7.0443,110.431,SMG622,-7.0438,110.432,15,SMG523,-7.04861,110.429,18,SMG067,-7.03995,110.428,6,68.5384,216.77,529.386,25.5418,618.262,141.179,LTE1800,LTE1800,LTE900,46.7699,170,196622,21,2,64.4582,90,196523,11,1,38.8209,180,196067,22,2,0,0,0,0,0,0,0,0,0,0,,,,,,,,,,SU,762.418,762.418,909.809,1311.49,0.44948,6,0 to half_thd,2.11464,3.47176,6,half_thd to thd,4.23023,3.39776,6,half_thd to thd,4.17843,1,3,2,not BS,not BS,not BS,1,not BS,SMG622,21,not BS,1,SMG622,196622,21,2,BAD NON POTENTIAL
202624,qqwxbvu,BANYUMANIK,KOTA SEMARANG,JATENG-DIY,A,NO,Inner,-104.195,6842.29,16,6,2574230,1119500,1462.29,573.429,0.895055,2513.9,1093.26,2250.08,978.531,3000,8000,3775.6,1,0,0,0,0,0,0,,,,,0,-7.04292,110.43,SMG622,-7.0438,110.432,15,SMG067,-7.03995,110.428,6,SMG523,-7.04861,110.429,18,215.987,296.869,405.361,144.329,633.722,7.00203,LTE1800,LTE900,LTE1800,21.8686,275,196622,31,3,35.6709,180,196067,22,2,82.998,90,196523,11,1,0,0,0,0,0,0,0,0,0,0,,,,,,,,,,SU,762.418,909.809,762.418,1311.49,1.41646,3.64477,0 to half_thd,2.08496,2.22772,6,0 to half_thd,3.35941,4.156,6,half_thd to thd,4.7092,1,2,3,not BS,not BS,not BS,1,not BS,SMG622,31,not BS,1,SMG622,196622,31,3,BAD NON POTENTIAL
